id,first_name,last_name,email,gender,ip_address
1,Joannes,Eliesco,jeliesco0@macromedia.com,Female,27.79.31.61
2,Tudor,Matveyev,tmatveyev1@howstuffworks.com,Male,130.113.211.156
3,Lyman,Tutin,ltutin2@archive.org,Male,45.40.143.91
4,Byrom,Maroney,bmaroney3@youtu.be,Male,130.88.75.202
5,Marwin,Bernholt,mbernholt4@loc.gov,Male,221.184.90.163
6,Marysa,Moreno,mmoreno5@fema.gov,Female,224.143.207.80
7,Carney,Highton,chighton6@blogtalkradio.com,Male,196.158.62.244
8,Deane,Gosden,dgosden7@themeforest.net,Male,115.102.16.196
9,Jazmin,Castri,jcastri8@census.gov,Female,78.142.255.143
10,Janetta,Coppins,jcoppins9@ustream.tv,Female,232.254.109.240
11,Garrott,Widdison,gwiddisona@ustream.tv,Male,101.12.143.124
12,Katine,Wilcott,kwilcottb@samsung.com,Female,240.190.242.19
13,Phil,Ruthven,pruthvenc@wordpress.com,Female,175.53.89.4
14,Orion,Adams,oadamsd@marketwatch.com,Genderfluid,121.6.91.60
15,Wallache,Grinikhinov,wgrinikhinove@shinystat.com,Male,126.35.37.224
16,Fletch,Clue,fcluef@si.edu,Male,164.111.21.254
17,Celesta,Scowcroft,cscowcroftg@mozilla.com,Female,240.147.48.66
18,Ninetta,Inold,ninoldh@people.com.cn,Female,7.217.20.86
19,Jenine,Holyland,jholylandi@xing.com,Female,20.207.249.15
20,Tamarra,Skeermer,tskeermerj@discovery.com,Female,64.176.27.194
21,Mable,Yitzhok,myitzhokk@timesonline.co.uk,Female,5.113.124.159
22,Llewellyn,Mead,lmeadl@hud.gov,Male,223.105.84.40
23,Nikaniki,Grigoriev,ngrigorievm@walmart.com,Bigender,23.40.193.161
24,Lola,Schroter,lschrotern@ehow.com,Female,206.5.105.47
25,Vassili,Dionisi,vdionisio@boston.com,Male,67.179.13.202
26,Fara,Lanchester,flanchesterp@tuttocitta.it,Female,12.218.104.131
27,Indira,Sclater,isclaterq@alibaba.com,Female,76.22.43.218
28,Englebert,Goodluck,egoodluckr@cargocollective.com,Non-binary,184.95.24.92
29,Melessa,Reichardt,mreichardts@soup.io,Female,146.180.188.99
30,Deborah,Luxon,dluxont@shutterfly.com,Female,247.89.5.45
31,Sanderson,Sanham,ssanhamu@deliciousdays.com,Male,148.250.113.11
32,Ralph,Mousdall,rmousdallv@google.de,Male,25.118.67.114
33,Laureen,Mordon,lmordonw@sogou.com,Female,128.125.31.47
34,Gardy,Craigmile,gcraigmilex@statcounter.com,Male,214.80.33.88
35,Balduin,Petrelli,bpetrelliy@gov.uk,Male,249.157.128.130
36,Donal,Hawke,dhawkez@disqus.com,Male,114.93.188.34
37,Pattie,Menilove,pmenilove10@w3.org,Female,55.133.44.36
38,Roxanna,Simyson,rsimyson11@wikispaces.com,Female,9.6.233.114
39,Irita,Bothams,ibothams12@prweb.com,Female,75.203.197.39
40,Clementia,Stetlye,cstetlye13@examiner.com,Female,207.211.128.35
41,Griff,Cadle,gcadle14@vistaprint.com,Male,75.169.59.6
42,Bartolemo,Aloshkin,baloshkin15@hexun.com,Male,239.172.140.187
43,Gabe,Caustic,gcaustic16@nature.com,Male,144.188.159.84
44,Keely,Dovidaitis,kdovidaitis17@earthlink.net,Female,150.82.159.170
45,Alina,Wones,awones18@bing.com,Female,229.116.46.96
46,Raviv,Hlavecek,rhlavecek19@vinaora.com,Male,31.134.41.204
47,Wenda,Mangan,wmangan1a@last.fm,Female,179.54.242.172
48,Micheal,Mackstead,mmackstead1b@ezinearticles.com,Agender,10.118.198.86
49,Tuck,Texton,ttexton1c@google.es,Male,212.240.227.225
50,Husain,Mouncey,hmouncey1d@flickr.com,Male,113.184.126.164
51,Titos,Gapper,tgapper1e@live.com,Male,0.26.204.197
52,Sharia,Alliband,salliband1f@ebay.co.uk,Genderqueer,164.73.255.19
53,Cecilla,Olufsen,colufsen1g@ovh.net,Female,208.195.99.67
54,Huey,Adrian,hadrian1h@simplemachines.org,Polygender,210.199.251.22
55,Heriberto,O'Doherty,hodoherty1i@parallels.com,Male,86.196.28.102
56,Lem,Fearn,lfearn1j@smugmug.com,Male,26.47.100.226
57,Libbey,Ritzman,lritzman1k@mtv.com,Female,29.205.175.65
58,Gladi,Mathews,gmathews1l@typepad.com,Female,146.144.88.230
59,Shepherd,Cockayme,scockayme1m@bloglovin.com,Male,204.39.63.77
60,Yvonne,Esson,yesson1n@disqus.com,Female,236.205.88.30
61,Trace,Arias,tarias1o@purevolume.com,Male,208.98.127.107
62,Beatrice,Tesdale,btesdale1p@reuters.com,Female,103.11.7.214
63,Frasco,Marskell,fmarskell1q@pagesperso-orange.fr,Male,6.164.108.221
64,Garek,Shirtcliffe,gshirtcliffe1r@dot.gov,Male,206.203.236.165
65,Wait,Kastel,wkastel1s@devhub.com,Male,137.203.50.94
66,Pierette,Clampe,pclampe1t@nifty.com,Female,162.39.68.96
67,Spense,Cowper,scowper1u@archive.org,Male,200.59.7.78
68,Kristien,Wilbraham,kwilbraham1v@yolasite.com,Female,140.187.107.219
69,Liesa,Mithan,lmithan1w@webeden.co.uk,Female,157.92.101.89
70,Alvina,Bullers,abullers1x@mayoclinic.com,Female,54.86.78.172
71,Hymie,Eickhoff,heickhoff1y@un.org,Male,92.45.239.59
72,Vanya,Fullerd,vfullerd1z@telegraph.co.uk,Male,47.23.238.19
73,Penelope,Griston,pgriston20@indiegogo.com,Female,0.170.86.175
74,Clemmy,Alsop,calsop21@multiply.com,Female,85.225.0.87
75,Ede,Sayer,esayer22@opera.com,Female,87.98.84.189
76,Anjanette,Hawick,ahawick23@slideshare.net,Female,75.179.199.2
77,Arlyn,Feehely,afeehely24@reuters.com,Female,102.136.199.25
78,Luci,Sambell,lsambell25@ning.com,Female,0.175.2.9
79,Dion,Bengefield,dbengefield26@nba.com,Male,222.83.99.30
80,Penny,Angood,pangood27@blogtalkradio.com,Female,217.38.42.141
81,Bjorn,Lindro,blindro28@cyberchimps.com,Male,114.94.247.137
82,Crichton,Chasteney,cchasteney29@cyberchimps.com,Male,148.222.240.22
83,Malia,Lundbeck,mlundbeck2a@buzzfeed.com,Bigender,62.57.21.7
84,Norman,Alesi,nalesi2b@vimeo.com,Male,245.30.134.243
85,Syman,Simioli,ssimioli2c@de.vu,Male,146.1.97.54
86,Rick,Dunstone,rdunstone2d@answers.com,Male,167.121.116.133
87,Urbain,Abramchik,uabramchik2e@patch.com,Male,125.53.67.244
88,Aymer,Merveille,amerveille2f@un.org,Male,37.253.223.190
89,Dedra,Lehr,dlehr2g@senate.gov,Female,121.129.106.121
90,Stanwood,Haylands,shaylands2h@trellian.com,Male,36.114.28.34
91,Urbain,Inchbald,uinchbald2i@cloudflare.com,Male,245.79.184.36
92,Alyssa,Baines,abaines2j@amazon.de,Female,96.66.101.151
93,Jacqueline,Linney,jlinney2k@scientificamerican.com,Female,44.252.213.140
94,Crista,Sturman,csturman2l@free.fr,Bigender,79.183.163.100
95,Stillman,Mackie,smackie2m@telegraph.co.uk,Male,43.219.10.121
96,Claudette,Sproul,csproul2n@google.co.uk,Polygender,241.252.151.125
97,Tait,Kohrt,tkohrt2o@scientificamerican.com,Male,3.20.12.114
98,Meyer,Barrat,mbarrat2p@oracle.com,Male,249.148.177.31
99,Leelah,Halegarth,lhalegarth2q@stumbleupon.com,Female,93.142.251.153
100,Alice,Wollen,awollen2r@dailymotion.com,Female,196.161.167.21
101,Cornelia,Benettolo,cbenettolo2s@nationalgeographic.com,Female,212.140.81.50
102,Quintus,Andreucci,qandreucci2t@chronoengine.com,Male,111.63.71.129
103,Brion,Martell,bmartell2u@google.co.uk,Male,183.145.81.253
104,Reidar,Sells,rsells2v@phoca.cz,Male,210.57.210.191
105,Mickie,Ennew,mennew2w@google.it,Female,179.26.178.175
106,Tiff,Bennell,tbennell2x@theglobeandmail.com,Female,186.113.21.83
107,Kennith,Palle,kpalle2y@wisc.edu,Male,41.166.97.201
108,Duky,Rozsa,drozsa2z@admin.ch,Male,168.204.167.173
109,Rudolf,Bleythin,rbleythin30@earthlink.net,Male,116.152.164.140
110,Catherina,MacAndrew,cmacandrew31@alibaba.com,Genderfluid,2.134.246.35
111,Liesa,Macartney,lmacartney32@quantcast.com,Female,110.35.233.237
112,Stephana,Casazza,scasazza33@go.com,Female,12.39.88.31
113,Frayda,Bradden,fbradden34@thetimes.co.uk,Female,58.196.146.211
114,Elka,Saveall,esaveall35@nbcnews.com,Female,80.92.197.59
115,Cristian,Boneham,cboneham36@harvard.edu,Male,254.235.85.195
116,Ephrayim,Blampey,eblampey37@geocities.com,Male,177.14.150.33
117,Lisetta,Abramino,labramino38@sakura.ne.jp,Female,123.208.21.144
118,Hogan,Shortin,hshortin39@ihg.com,Male,28.129.6.10
119,Gertrud,Brims,gbrims3a@vk.com,Female,188.246.238.68
120,Vinny,Downage,vdownage3b@house.gov,Female,1.10.239.30
121,Tedra,Haggar,thaggar3c@cpanel.net,Female,7.50.173.152
122,Alphonso,Gilmour,agilmour3d@amazon.co.jp,Male,143.100.241.170
123,Joyous,Evered,jevered3e@craigslist.org,Female,120.22.232.147
124,Charleen,Newton,cnewton3f@nymag.com,Female,42.228.135.5
125,Merridie,Wildt,mwildt3g@myspace.com,Female,145.107.204.212
126,Terri-jo,Stainland,tstainland3h@simplemachines.org,Female,150.199.21.55
127,Eduardo,Rozec,erozec3i@opensource.org,Male,180.140.38.0
128,Piggy,Forryan,pforryan3j@seesaa.net,Male,210.64.208.151
129,Sherie,Pavlishchev,spavlishchev3k@meetup.com,Female,185.156.205.109
130,Falito,Sperrett,fsperrett3l@hhs.gov,Male,118.221.115.194
131,Olvan,Bickerstaff,obickerstaff3m@ameblo.jp,Male,201.165.197.178
132,Maddy,Pattemore,mpattemore3n@businesswire.com,Female,3.179.84.135
133,Dorey,Hillett,dhillett3o@marketwatch.com,Male,254.240.174.55
134,Ram,Kreuzer,rkreuzer3p@devhub.com,Polygender,212.180.29.90
135,Beitris,Theaker,btheaker3q@hp.com,Female,96.83.99.168
136,Amabelle,Bowland,abowland3r@domainmarket.com,Female,17.207.185.133
137,Yank,Husselbee,yhusselbee3s@nba.com,Male,19.111.172.116
138,Karin,Olman,kolman3t@businessinsider.com,Female,209.136.224.247
139,Helyn,Holehouse,hholehouse3u@mac.com,Female,248.27.219.131
140,Tansy,Gath,tgath3v@wikia.com,Female,1.53.28.194
141,Zane,Lowthian,zlowthian3w@slideshare.net,Agender,207.86.165.87
142,Sammy,Meach,smeach3x@admin.ch,Female,97.87.207.202
143,Darb,Seavers,dseavers3y@cnbc.com,Female,233.119.36.164
144,Greta,Manchester,gmanchester3z@goo.ne.jp,Female,128.33.107.41
145,My,Folkerd,mfolkerd40@de.vu,Male,101.25.170.22
146,Fern,Calvert,fcalvert41@pen.io,Female,108.15.116.216
147,Lorry,Hilling,lhilling42@wunderground.com,Female,44.217.47.199
148,Haley,Romeuf,hromeuf43@apple.com,Male,124.94.236.246
149,Joachim,Lawerence,jlawerence44@reference.com,Male,95.31.121.94
150,Gianni,Sustins,gsustins45@apache.org,Bigender,129.202.248.248
151,Yehudi,Cockrem,ycockrem46@list-manage.com,Polygender,244.71.253.54
152,Chauncey,Muat,cmuat47@thetimes.co.uk,Male,83.172.85.206
153,Anne-marie,MacCallum,amaccallum48@webs.com,Female,147.145.127.83
154,Bay,Drees,bdrees49@deliciousdays.com,Male,87.200.0.180
155,Steffie,O'Dempsey,sodempsey4a@blogtalkradio.com,Female,72.50.31.21
156,Darren,Silman,dsilman4b@google.com.au,Male,203.219.34.104
157,Kendra,Pocke,kpocke4c@istockphoto.com,Female,60.167.96.156
158,Marlo,Rey,mrey4d@homestead.com,Female,35.88.60.121
159,Elmo,Denyer,edenyer4e@myspace.com,Genderqueer,113.77.78.2
160,Quill,Corrie,qcorrie4f@comsenz.com,Male,133.126.91.251
161,Sutherland,Asser,sasser4g@craigslist.org,Male,123.192.132.54
162,Tracy,Lovick,tlovick4h@marketwatch.com,Male,6.139.206.170
163,Sauncho,Dunphy,sdunphy4i@reddit.com,Male,79.56.103.182
164,Odetta,Saphin,osaphin4j@baidu.com,Female,242.114.124.149
165,Jaquenetta,Beaten,jbeaten4k@posterous.com,Female,36.94.171.76
166,Haywood,Skoof,hskoof4l@photobucket.com,Male,238.243.197.4
167,Eddie,Tander,etander4m@archive.org,Male,80.150.51.74
168,Serena,Cuttings,scuttings4n@seattletimes.com,Female,56.192.141.81
169,Bari,Siggs,bsiggs4o@dmoz.org,Female,199.248.214.252
170,Ange,Hairyes,ahairyes4p@yelp.com,Male,163.148.255.130
171,Lesya,Botton,lbotton4q@census.gov,Female,44.152.182.34
172,Roderich,Ferrea,rferrea4r@oaic.gov.au,Male,232.58.153.182
173,Dedra,Heintze,dheintze4s@w3.org,Female,9.27.53.217
174,Warden,Cowburn,wcowburn4t@discuz.net,Male,222.225.27.3
175,Blancha,Dysert,bdysert4u@chronoengine.com,Female,229.126.118.211
176,Gaelan,Gopsall,ggopsall4v@cnn.com,Male,216.45.123.17
177,Sheelagh,Cantero,scantero4w@lulu.com,Female,56.24.97.220
178,Cesar,Shier,cshier4x@amazon.co.jp,Male,10.232.200.70
179,Merna,Goare,mgoare4y@yandex.ru,Female,241.2.172.238
180,Vergil,Chippin,vchippin4z@comsenz.com,Male,81.57.9.47
181,Vanya,Hendonson,vhendonson50@independent.co.uk,Male,107.4.148.15
182,Zsazsa,Van De Cappelle,zvandecappelle51@businessweek.com,Female,1.227.228.230
183,Sheree,Antonio,santonio52@studiopress.com,Agender,246.19.249.240
184,Heinrik,Van Velde,hvanvelde53@alibaba.com,Male,192.101.128.82
185,Traver,Barbosa,tbarbosa54@parallels.com,Male,59.111.221.32
186,Bernadine,Smalcombe,bsmalcombe55@china.com.cn,Female,147.11.185.105
187,Clarette,Cracoe,ccracoe56@comcast.net,Female,234.242.230.235
188,Gisele,Kock,gkock57@mlb.com,Female,148.186.46.104
189,Saunderson,Pickavance,spickavance58@delicious.com,Male,19.155.67.9
190,Leeann,Gilliam,lgilliam59@cyberchimps.com,Female,105.193.155.151
191,Jemimah,Francie,jfrancie5a@omniture.com,Female,69.144.97.11
192,Calley,Trunkfield,ctrunkfield5b@ebay.com,Female,165.176.23.189
193,Baxie,Tschierasche,btschierasche5c@businessinsider.com,Male,49.184.85.195
194,Sheelah,Officer,sofficer5d@noaa.gov,Female,71.203.183.149
195,Keene,Pilgram,kpilgram5e@telegraph.co.uk,Male,4.51.19.198
196,Bendix,Conklin,bconklin5f@twitpic.com,Male,228.150.6.233
197,Layla,Huggen,lhuggen5g@homestead.com,Female,10.10.210.195
198,Clair,Dowbakin,cdowbakin5h@icq.com,Female,179.130.139.194
199,Wynn,Durante,wdurante5i@lycos.com,Female,3.48.30.130
200,Drusy,Cornish,dcornish5j@mtv.com,Female,7.222.130.76
201,Gael,Tuckett,gtuckett5k@soup.io,Female,11.253.128.28
202,Felipa,Croce,fcroce5l@youku.com,Female,159.19.33.159
203,Monah,Liversley,mliversley5m@parallels.com,Female,217.175.186.213
204,Iosep,Inkpin,iinkpin5n@uol.com.br,Male,82.186.218.184
205,Vere,Boother,vboother5o@archive.org,Female,246.226.236.5
206,Daphne,Stubs,dstubs5p@yelp.com,Female,102.76.205.94
207,Gertrude,Faulo,gfaulo5q@xing.com,Female,247.51.64.148
208,Valry,Arnaut,varnaut5r@reverbnation.com,Female,47.110.120.167
209,Georgeanne,Alleyn,galleyn5s@comcast.net,Female,32.135.164.21
210,Saunderson,Duetschens,sduetschens5t@smugmug.com,Male,218.113.198.41
211,Danita,Stitfall,dstitfall5u@tuttocitta.it,Female,117.41.66.241
212,Thor,Chong,tchong5v@csmonitor.com,Male,102.9.207.178
213,Willa,Glentz,wglentz5w@redcross.org,Female,200.104.38.42
214,Kaia,Rickhuss,krickhuss5x@slate.com,Female,117.51.145.197
215,Jeramie,Ksandra,jksandra5y@jiathis.com,Male,228.65.213.209
216,Karita,Lackinton,klackinton5z@eventbrite.com,Female,57.52.224.149
217,Mindy,Aldred,maldred60@hao123.com,Female,16.228.161.102
218,Pam,Plumbridge,pplumbridge61@parallels.com,Female,235.40.201.119
219,Gardiner,Spoerl,gspoerl62@accuweather.com,Male,217.96.253.49
220,Myrle,McEvay,mmcevay63@reddit.com,Female,168.211.140.180
221,Andros,Dewer,adewer64@ox.ac.uk,Male,123.24.184.59
222,Alisa,Rabbet,arabbet65@meetup.com,Female,253.49.13.67
223,Morganne,Avrashin,mavrashin66@dropbox.com,Female,134.3.141.110
224,Trixie,Drew,tdrew67@creativecommons.org,Female,248.235.80.248
225,Balduin,Molineux,bmolineux68@merriam-webster.com,Male,162.255.193.185
226,Silvia,Ismirnioglou,sismirnioglou69@ask.com,Female,77.177.56.139
227,Winonah,Knight,wknight6a@e-recht24.de,Female,55.104.176.44
228,Concettina,Vennings,cvennings6b@fotki.com,Female,73.201.178.21
229,Gaile,Andrioni,gandrioni6c@washingtonpost.com,Male,135.53.75.182
230,Trudi,Catchpole,tcatchpole6d@netscape.com,Female,124.162.59.97
231,Annemarie,Beaver,abeaver6e@woothemes.com,Female,110.236.136.26
232,Koralle,Harring,kharring6f@addtoany.com,Female,188.168.41.68
233,Fawnia,McInnerny,fmcinnerny6g@boston.com,Female,135.235.153.196
234,Lorene,Guidoni,lguidoni6h@bluehost.com,Female,126.250.81.19
235,Rosamond,Musgrave,rmusgrave6i@slashdot.org,Female,216.204.105.56
236,Audrye,Jeffries,ajeffries6j@unblog.fr,Female,81.190.203.44
237,Nico,Moorhouse,nmoorhouse6k@google.com.au,Male,245.10.195.34
238,Samaria,Shellard,sshellard6l@xinhuanet.com,Female,89.150.55.137
239,Pam,Liggens,pliggens6m@columbia.edu,Female,229.245.43.121
240,Nat,Gater,ngater6n@time.com,Female,188.44.17.231
241,Westleigh,Corkish,wcorkish6o@businesswire.com,Male,68.168.226.122
242,Sal,Gurner,sgurner6p@merriam-webster.com,Female,110.146.68.191
243,Torry,Sanpher,tsanpher6q@a8.net,Male,84.225.84.95
244,Logan,Stennine,lstennine6r@skype.com,Non-binary,167.178.132.56
245,Sanderson,Rein,srein6s@economist.com,Male,204.174.184.169
246,Marcellus,Ager,mager6t@comsenz.com,Male,2.31.77.18
247,Chuck,Halwill,chalwill6u@whitehouse.gov,Male,202.102.141.100
248,Zachariah,Wanden,zwanden6v@tmall.com,Male,89.83.233.3
249,Noll,Regenhardt,nregenhardt6w@goo.gl,Male,198.26.248.197
250,Donetta,Dear,ddear6x@etsy.com,Female,154.175.239.9
251,Judie,Aldwich,jaldwich6y@nydailynews.com,Female,156.207.2.66
252,Langsdon,Greatham,lgreatham6z@sbwire.com,Male,201.215.195.183
253,Timmie,Loukes,tloukes70@discovery.com,Female,249.194.110.64
254,Waylin,Arundale,warundale71@desdev.cn,Male,91.90.83.3
255,Janette,Dewing,jdewing72@bloomberg.com,Genderfluid,103.64.95.2
256,Christiano,Thickins,cthickins73@mac.com,Male,244.69.170.224
257,Rosemaria,Kirkman,rkirkman74@usnews.com,Female,138.3.228.57
258,Matt,Domange,mdomange75@newsvine.com,Male,134.49.253.37
259,Sela,Dimond,sdimond76@yellowpages.com,Female,26.100.219.229
260,Gray,Guage,gguage77@biblegateway.com,Male,78.119.247.84
261,Mora,Lovelady,mlovelady78@sitemeter.com,Female,135.246.245.248
262,Ruttger,Bernardelli,rbernardelli79@omniture.com,Male,68.101.183.165
263,Marchelle,Chalk,mchalk7a@people.com.cn,Female,238.204.66.32
264,Kiele,Dunnet,kdunnet7b@t-online.de,Non-binary,101.6.222.143
265,Alisha,Keller,akeller7c@latimes.com,Female,215.74.4.24
266,Paddie,Dechelle,pdechelle7d@yandex.ru,Male,54.227.100.28
267,Goldarina,Facher,gfacher7e@amazonaws.com,Female,124.55.152.150
268,Kathrine,Jaulme,kjaulme7f@dyndns.org,Female,24.96.146.249
269,Roddy,Burgill,rburgill7g@storify.com,Male,37.168.75.184
270,Saree,Phuprate,sphuprate7h@discuz.net,Female,226.66.90.62
271,Odette,Fibbit,ofibbit7i@google.com,Female,168.192.205.195
272,Kariotta,Novill,knovill7j@livejournal.com,Female,231.192.55.139
273,Kariotta,Olliffe,kolliffe7k@newyorker.com,Female,114.19.162.192
274,Frankie,Verdon,fverdon7l@lycos.com,Female,38.31.52.97
275,Blondelle,Downgate,bdowngate7m@pbs.org,Genderqueer,27.110.203.35
276,Kania,Jefferson,kjefferson7n@reddit.com,Bigender,211.171.170.90
277,Garv,Byars,gbyars7o@linkedin.com,Male,143.213.88.244
278,Tonia,Chezier,tchezier7p@amazon.de,Female,41.229.240.148
279,Trixie,Gateman,tgateman7q@nyu.edu,Female,21.77.8.213
280,Pincas,Goodhew,pgoodhew7r@newsvine.com,Male,83.1.161.135
281,Erastus,Hendriksen,ehendriksen7s@nih.gov,Male,90.154.238.249
282,Loleta,Midlar,lmidlar7t@dailymotion.com,Female,2.124.231.204
283,Clem,Clare,cclare7u@spiegel.de,Female,18.177.3.99
284,Kathie,Phillpot,kphillpot7v@eepurl.com,Bigender,49.155.162.22
285,Bryna,Swan,bswan7w@usgs.gov,Female,131.74.248.236
286,Gerri,Battelle,gbattelle7x@themeforest.net,Male,181.133.195.217
287,Gregg,Cumine,gcumine7y@privacy.gov.au,Male,249.130.22.181
288,Juan,Lenden,jlenden7z@issuu.com,Non-binary,131.175.78.126
289,Timmy,Franzman,tfranzman80@reverbnation.com,Female,192.1.48.38
290,Claribel,Hallett,challett81@ycombinator.com,Female,88.221.197.145
291,Alexa,Berdale,aberdale82@dailymail.co.uk,Female,52.215.171.101
292,Gardiner,Mingardo,gmingardo83@noaa.gov,Male,154.30.60.62
293,Huntington,Barthram,hbarthram84@nasa.gov,Male,117.147.88.37
294,Benedetto,Larmouth,blarmouth85@acquirethisname.com,Male,252.190.32.57
295,Lemmie,Hinks,lhinks86@freewebs.com,Male,83.52.44.186
296,Yank,Bovey,ybovey87@google.com.hk,Genderfluid,142.217.131.181
297,Wes,Raulstone,wraulstone88@twitpic.com,Male,119.242.131.6
298,Perl,Karpf,pkarpf89@indiegogo.com,Female,118.14.116.250
299,Kyla,Kett,kkett8a@umich.edu,Female,123.203.147.149
300,Ruddie,Charlwood,rcharlwood8b@latimes.com,Male,245.155.23.202
301,Gert,Hubbocks,ghubbocks8c@cbsnews.com,Female,187.171.45.11
302,Ricky,McCallister,rmccallister8d@flavors.me,Male,237.221.83.176
303,Garald,Simonich,gsimonich8e@nps.gov,Male,116.143.133.67
304,Avictor,Brinsford,abrinsford8f@mozilla.com,Genderqueer,45.162.146.184
305,Kelbee,Elster,kelster8g@intel.com,Male,156.164.121.234
306,Cary,Orringe,corringe8h@xinhuanet.com,Female,62.75.205.196
307,Hort,Fitt,hfitt8i@google.it,Male,33.150.92.252
308,Zane,Piddock,zpiddock8j@washington.edu,Male,229.20.94.124
309,Mycah,Cowtherd,mcowtherd8k@elegantthemes.com,Male,116.127.168.35
310,Sonia,Canete,scanete8l@arstechnica.com,Female,23.24.151.64
311,Essy,Swettenham,eswettenham8m@oracle.com,Female,188.188.225.225
312,Kylie,Rosenau,krosenau8n@nbcnews.com,Agender,50.33.7.70
313,Dorri,Guild,dguild8o@amazon.de,Polygender,2.245.193.246
314,Maitilde,Dorwood,mdorwood8p@noaa.gov,Female,177.240.135.142
315,Nadeen,Durdan,ndurdan8q@tumblr.com,Female,0.209.215.155
316,Constantine,Bryan,cbryan8r@yellowbook.com,Female,243.215.131.223
317,Tymon,Kuzma,tkuzma8s@foxnews.com,Male,5.205.174.53
318,Ced,Delhanty,cdelhanty8t@yandex.ru,Male,58.55.14.227
319,Kliment,Caraher,kcaraher8u@ox.ac.uk,Male,132.195.121.65
320,Astrid,Gittoes,agittoes8v@examiner.com,Female,158.201.216.130
321,Melanie,Vasiljevic,mvasiljevic8w@cisco.com,Female,228.23.73.109
322,Darci,Cotterel,dcotterel8x@altervista.org,Female,81.75.18.152
323,Uri,Peascod,upeascod8y@flavors.me,Male,248.210.217.208
324,Lek,Rafferty,lrafferty8z@acquirethisname.com,Male,166.101.206.44
325,Arlene,Mingardi,amingardi90@springer.com,Female,126.87.50.234
326,Royce,McCarly,rmccarly91@ebay.co.uk,Male,92.253.75.59
327,Lindsey,Soppit,lsoppit92@go.com,Female,115.168.174.44
328,Carmen,Kumaar,ckumaar93@bandcamp.com,Female,95.161.115.255
329,Patton,Bance,pbance94@cmu.edu,Male,250.88.94.170
330,Nelia,Craft,ncraft95@odnoklassniki.ru,Female,19.191.211.15
331,Emiline,Welland,ewelland96@cmu.edu,Genderqueer,144.235.17.100
332,Kylie,Collings,kcollings97@unicef.org,Polygender,11.147.223.117
333,Wolfy,Fahy,wfahy98@mapy.cz,Genderqueer,236.189.161.231
334,Amalita,Weller,aweller99@blog.com,Female,253.111.140.55
335,Kingsly,Cains,kcains9a@canalblog.com,Male,232.68.49.171
336,Steffie,Flecknoe,sflecknoe9b@buzzfeed.com,Female,137.214.207.22
337,Carmella,Kinningley,ckinningley9c@wix.com,Bigender,136.214.150.26
338,Lincoln,Kohlerman,lkohlerman9d@instagram.com,Male,177.108.4.87
339,Base,Troucher,btroucher9e@mail.ru,Male,91.161.62.83
340,Purcell,Lascelles,plascelles9f@t-online.de,Male,99.87.149.114
341,Zeb,Gorring,zgorring9g@loc.gov,Male,132.16.191.137
342,Noella,Luttger,nluttger9h@state.gov,Female,14.91.255.139
343,Duff,Bus,dbus9i@apache.org,Male,46.133.102.36
344,Jere,Johl,jjohl9j@xrea.com,Female,188.145.48.252
345,Sandro,Hise,shise9k@weibo.com,Male,169.142.207.123
346,Deloris,Tocknell,dtocknell9l@instagram.com,Genderqueer,187.236.23.48
347,Davine,Urrey,durrey9m@unesco.org,Non-binary,31.208.126.96
348,Edd,Witherop,ewitherop9n@delicious.com,Male,8.242.40.98
349,Baxie,Windaybank,bwindaybank9o@ed.gov,Male,185.128.188.56
350,Warner,Hackley,whackley9p@disqus.com,Male,132.9.50.155
351,Talyah,Bavridge,tbavridge9q@sfgate.com,Female,172.168.98.41
352,Josh,Matthai,jmatthai9r@berkeley.edu,Male,86.241.213.252
353,Dari,Wiffill,dwiffill9s@csmonitor.com,Female,28.186.99.46
354,Jackson,Kattenhorn,jkattenhorn9t@nasa.gov,Bigender,23.156.180.128
355,Christos,Scholcroft,cscholcroft9u@ebay.com,Genderqueer,37.39.172.39
356,Frederic,Oury,foury9v@godaddy.com,Male,97.126.222.210
357,Ruthe,Graine,rgraine9w@delicious.com,Female,179.59.82.151
358,Alica,Dunklee,adunklee9x@surveymonkey.com,Female,104.222.253.41
359,Goldia,Roset,groset9y@opera.com,Female,89.75.147.124
360,Orella,Blencowe,oblencowe9z@tinyurl.com,Female,120.77.64.213
361,Inger,Tomicki,itomickia0@accuweather.com,Male,149.158.46.150
362,Talyah,Itzkovici,titzkovicia1@hatena.ne.jp,Female,59.200.216.98
363,Reinhold,Kerfod,rkerfoda2@homestead.com,Bigender,176.165.34.72
364,Everard,Redan,eredana3@wired.com,Male,73.99.125.212
365,Filbert,Fernan,ffernana4@hatena.ne.jp,Non-binary,226.8.130.252
366,Patience,Butner,pbutnera5@symantec.com,Female,164.195.193.26
367,Thorsten,Wyllcock,twyllcocka6@oracle.com,Male,38.168.228.224
368,Nealy,Kynder,nkyndera7@joomla.org,Male,164.199.105.173
369,Cherice,Lackner,clacknera8@studiopress.com,Female,40.235.210.116
370,Damiano,Blease,dbleasea9@posterous.com,Male,141.96.243.141
371,Carroll,Lammas,clammasaa@mtv.com,Female,247.150.201.25
372,Emmye,Baselli,ebaselliab@ow.ly,Female,42.82.165.40
373,Mano,Peirone,mpeironeac@utexas.edu,Male,68.251.107.116
374,Lyda,Arrigucci,larrigucciad@naver.com,Female,29.175.151.148
375,Roby,Helsby,rhelsbyae@cdbaby.com,Polygender,69.235.48.172
376,Gill,Meaddowcroft,gmeaddowcroftaf@fc2.com,Male,59.103.213.82
377,Clare,Ply,cplyag@bloglines.com,Male,115.211.190.176
378,Ilyssa,Chicchetto,ichicchettoah@ucla.edu,Female,131.44.28.227
379,Pamela,Zute,pzuteai@sogou.com,Female,15.203.66.44
380,Alvera,Dumphreys,adumphreysaj@unblog.fr,Female,45.12.196.226
381,Issi,Trowill,itrowillak@sakura.ne.jp,Female,202.203.190.131
382,Cort,Perigo,cperigoal@booking.com,Male,104.56.234.46
383,Padget,Burnett,pburnettam@cam.ac.uk,Male,132.141.179.248
384,Llewellyn,Priddle,lpriddlean@time.com,Agender,126.131.24.47
385,Redford,Whyard,rwhyardao@aboutads.info,Male,21.195.43.116
386,Ketty,Kendell,kkendellap@sohu.com,Female,62.240.220.244
387,Gerrie,Stocking,gstockingaq@wikispaces.com,Female,119.134.140.17
388,Zachariah,Boate,zboatear@geocities.jp,Bigender,88.66.3.167
389,Georas,Woodage,gwoodageas@xinhuanet.com,Male,200.13.183.220
390,Tierney,Boshell,tboshellat@squidoo.com,Female,11.121.76.252
391,Mitchael,McGuane,mmcguaneau@about.me,Male,217.167.187.62
392,Rey,Gwyn,rgwynav@multiply.com,Male,75.30.67.80
393,Mildrid,Manuello,mmanuelloaw@npr.org,Female,222.43.140.236
394,Brennen,Calabry,bcalabryax@webmd.com,Male,253.138.38.77
395,Shannen,Newey,sneweyay@bluehost.com,Female,48.95.169.20
396,Rudolph,Ferebee,rferebeeaz@cpanel.net,Male,2.157.237.190
397,Rafe,Brandom,rbrandomb0@msn.com,Male,252.80.7.135
398,Annora,McGilvray,amcgilvrayb1@economist.com,Female,15.131.189.128
399,Elbertina,Lampens,elampensb2@nhs.uk,Female,156.59.125.151
400,Skip,O'Doherty,sodohertyb3@odnoklassniki.ru,Bigender,208.13.144.25
401,Dionne,Chittem,dchittemb4@facebook.com,Female,231.134.128.103
402,Nels,MacTeggart,nmacteggartb5@goodreads.com,Male,200.201.61.186
403,Hilde,Duxfield,hduxfieldb6@ucoz.com,Female,64.250.132.202
404,Mireille,Splevins,msplevinsb7@engadget.com,Non-binary,14.179.193.185
405,Bevin,Bolding,bboldingb8@naver.com,Non-binary,78.243.166.189
406,Bertha,Swadden,bswaddenb9@bigcartel.com,Female,163.161.36.162
407,Vivien,Dowding,vdowdingba@macromedia.com,Female,245.19.66.109
408,Piper,Cominoli,pcominolibb@cbsnews.com,Female,40.54.41.161
409,Kerwin,Caple,kcaplebc@godaddy.com,Male,250.104.125.231
410,Nobie,Sewart,nsewartbd@odnoklassniki.ru,Male,43.166.88.7
411,Angelica,Prendeguest,aprendeguestbe@lycos.com,Female,244.236.125.94
412,Augustine,Riccardi,ariccardibf@google.es,Male,217.207.147.186
413,Rose,Daunay,rdaunaybg@tinyurl.com,Genderfluid,65.98.96.162
414,Ruddy,Hedau,rhedaubh@cpanel.net,Male,232.194.217.203
415,Iona,Munnion,imunnionbi@squarespace.com,Female,111.72.194.203
416,Elladine,McVeagh,emcveaghbj@hostgator.com,Non-binary,38.254.51.135
417,Itch,Gotling,igotlingbk@goo.gl,Male,198.129.44.230
418,Euphemia,Sprowles,esprowlesbl@marriott.com,Female,57.131.72.203
419,Vito,Sackett,vsackettbm@usgs.gov,Polygender,249.109.83.101
420,Britteny,Challenor,bchallenorbn@gmpg.org,Female,181.227.93.28
421,Pascale,Eouzan,peouzanbo@yolasite.com,Polygender,36.176.139.38
422,Brenda,Trainor,btrainorbp@mozilla.com,Female,67.54.88.8
423,Forester,Raxworthy,fraxworthybq@tripadvisor.com,Male,166.166.154.171
424,Reeta,Como,rcomobr@sfgate.com,Female,222.213.228.102
425,Scotti,Schmuhl,sschmuhlbs@reference.com,Male,48.172.92.13
426,Alford,Melburg,amelburgbt@slate.com,Male,165.15.67.251
427,Ab,Gerrets,agerretsbu@zimbio.com,Male,211.2.83.114
428,Hayley,Waters,hwatersbv@state.gov,Female,221.22.130.52
429,Philip,Stanyard,pstanyardbw@xrea.com,Male,156.48.107.43
430,Rubie,Laviss,rlavissbx@networkadvertising.org,Female,57.15.72.138
431,Ely,Berr,eberrby@icio.us,Male,129.207.115.164
432,My,O'Dunniom,modunniombz@4shared.com,Male,62.191.104.34
433,Rikki,Tellenbroker,rtellenbrokerc0@cnn.com,Male,35.5.177.111
434,Bambi,Livesley,blivesleyc1@freewebs.com,Female,39.170.81.93
435,Crysta,Pottiphar,cpottipharc2@xrea.com,Female,18.97.214.105
436,Sheela,Samter,ssamterc3@qq.com,Female,131.210.72.126
437,Terrance,Oseman,tosemanc4@ed.gov,Male,64.149.253.100
438,Fitzgerald,Haswell,fhaswellc5@dropbox.com,Male,78.50.242.248
439,Rhett,Honig,rhonigc6@slideshare.net,Male,79.146.46.82
440,Laureen,Stoute,lstoutec7@buzzfeed.com,Female,167.239.61.39
441,Pinchas,Gregolotti,pgregolottic8@google.ca,Male,15.246.242.80
442,Binky,Cosh,bcoshc9@engadget.com,Male,138.92.114.131
443,Warde,Lamb-shine,wlambshineca@cpanel.net,Male,42.205.251.3
444,Averell,McGarrell,amcgarrellcb@desdev.cn,Male,89.55.176.236
445,Tadeas,Beentjes,tbeentjescc@disqus.com,Male,227.43.163.17
446,Dorena,Cosstick,dcosstickcd@furl.net,Female,24.30.13.169
447,Delia,Sheffield,dsheffieldce@facebook.com,Female,121.107.48.128
448,Leah,Darke,ldarkecf@webnode.com,Female,43.180.135.72
449,Deane,De Carolis,ddecaroliscg@cornell.edu,Female,85.26.211.9
450,Baryram,Lawrence,blawrencech@vimeo.com,Male,92.31.234.36
451,Cyndia,Crathern,ccrathernci@dagondesign.com,Polygender,148.111.105.187
452,Pietra,Constanza,pconstanzacj@cdc.gov,Female,157.198.182.162
453,Shelli,Barock,sbarockck@deliciousdays.com,Female,190.130.172.35
454,Xenia,Drought,xdroughtcl@cocolog-nifty.com,Female,37.149.50.251
455,Giacomo,Gheraldi,ggheraldicm@macromedia.com,Male,187.8.134.213
456,Gilberto,Rawsthorn,grawsthorncn@craigslist.org,Male,48.53.179.240
457,Shana,Hazeup,shazeupco@taobao.com,Female,137.201.228.5
458,Lizzie,Crasford,lcrasfordcp@google.fr,Female,101.54.7.14
459,Darwin,Tryme,dtrymecq@google.co.uk,Male,185.147.11.226
460,Gothart,Grindrod,ggrindrodcr@java.com,Male,184.163.38.210
461,Ollie,Broader,obroadercs@stumbleupon.com,Male,215.13.138.31
462,Trisha,Stienham,tstienhamct@bing.com,Female,190.126.255.202
463,Syman,Gheeorghie,sgheeorghiecu@sciencedirect.com,Male,225.233.190.139
464,Willy,Andreazzi,wandreazzicv@adobe.com,Male,31.87.222.52
465,Sheffield,Binstead,sbinsteadcw@google.com.hk,Male,225.29.253.55
466,Janaye,Lilleman,jlillemancx@meetup.com,Female,204.3.9.140
467,Thain,Karpe,tkarpecy@bloglines.com,Male,237.83.80.209
468,Marrilee,Creenan,mcreenancz@google.com.br,Female,32.163.244.110
469,Cissy,Camillo,ccamillod0@tinyurl.com,Female,147.24.62.46
470,Jacinda,Epp,jeppd1@berkeley.edu,Female,199.204.147.6
471,Sutton,Gelletly,sgelletlyd2@oakley.com,Male,99.198.167.44
472,Shepherd,Buckie,sbuckied3@xing.com,Male,216.121.114.57
473,Nat,McBean,nmcbeand4@amazonaws.com,Male,85.233.83.130
474,Rustin,Shekle,rshekled5@opera.com,Male,25.183.51.22
475,Orin,Tedridge,otedridged6@slate.com,Male,142.189.64.40
476,Arly,Willarton,awillartond7@cbsnews.com,Female,48.51.250.213
477,Maynard,Vickerman,mvickermand8@macromedia.com,Genderqueer,90.78.57.135
478,Mildred,Chidwick,mchidwickd9@yellowbook.com,Non-binary,96.18.255.151
479,Delia,Hedworth,dhedworthda@google.cn,Genderqueer,71.156.44.66
480,Aurelia,Borth,aborthdb@woothemes.com,Female,2.46.185.246
481,Devlin,Shingfield,dshingfielddc@eventbrite.com,Bigender,25.106.117.110
482,Karlyn,Rankin,krankindd@nyu.edu,Female,116.195.214.56
483,Roby,Minchinden,rminchindende@deliciousdays.com,Female,102.105.124.90
484,Karia,Frapwell,kfrapwelldf@weather.com,Female,230.121.22.253
485,Boycie,Clendennen,bclendennendg@sphinn.com,Male,109.151.40.139
486,Bernelle,Brigshaw,bbrigshawdh@wikia.com,Female,57.68.206.121
487,Renato,Denniss,rdennissdi@yellowpages.com,Male,224.184.37.13
488,Rakel,Draysey,rdrayseydj@taobao.com,Female,26.10.23.153
489,Daffy,Beeke,dbeekedk@bandcamp.com,Female,119.248.60.140
490,Rochette,Ellett,rellettdl@illinois.edu,Female,162.61.255.37
491,Isahella,Pierro,ipierrodm@discovery.com,Female,21.139.69.244
492,Stephi,Duxbury,sduxburydn@europa.eu,Female,80.73.133.219
493,Gisela,Marples,gmarplesdo@cafepress.com,Female,250.77.132.22
494,Vlad,Penlington,vpenlingtondp@friendfeed.com,Male,112.155.39.212
495,Dannye,Trappe,dtrappedq@springer.com,Female,105.187.44.5
496,Victoir,MacHoste,vmachostedr@discovery.com,Male,132.208.89.92
497,Brok,Bricknall,bbricknallds@china.com.cn,Male,169.234.101.195
498,Josselyn,Rex,jrexdt@nba.com,Female,189.74.3.84
499,Dre,Becarra,dbecarradu@weibo.com,Female,168.226.224.48
500,Ashby,Kinsley,akinsleydv@cisco.com,Male,27.36.142.110
501,Laurens,Jolin,ljolindw@elpais.com,Male,62.127.39.60
502,Felix,Turnock,fturnockdx@chicagotribune.com,Male,99.249.69.223
503,Marcellina,Dadge,mdadgedy@businessweek.com,Female,57.220.185.166
504,Marylou,Stentiford,mstentiforddz@samsung.com,Female,144.117.239.114
505,Marianna,Kinningley,mkinningleye0@geocities.com,Female,241.40.75.231
506,Muffin,Rosa,mrosae1@reddit.com,Female,239.189.144.193
507,Sherilyn,Bucky,sbuckye2@salon.com,Female,55.181.218.78
508,Montgomery,Borel,mborele3@tumblr.com,Male,96.242.176.137
509,Evvy,Mazzey,emazzeye4@nyu.edu,Female,218.88.32.161
510,Etheline,Hilldrup,ehilldrupe5@goo.gl,Female,63.240.38.38
511,Wallas,Flipsen,wflipsene6@psu.edu,Male,75.49.83.212
512,Gothart,Kemmet,gkemmete7@jimdo.com,Male,37.220.30.251
513,Harry,Siemandl,hsiemandle8@privacy.gov.au,Male,253.55.17.208
514,Jodee,Clawsley,jclawsleye9@biglobe.ne.jp,Female,4.238.136.123
515,Madelene,Glasard,mglasardea@nih.gov,Female,115.22.166.16
516,Sansone,Clavering,sclaveringeb@businesswire.com,Male,247.171.13.235
517,Nelly,Beswetherick,nbeswetherickec@devhub.com,Female,119.204.17.53
518,Corny,Bussell,cbusselled@google.de,Female,89.124.220.252
519,Jerrilee,Palister,jpalisteree@spiegel.de,Female,121.173.101.2
520,Hazel,Benyan,hbenyanef@jimdo.com,Female,223.27.0.243
521,David,Padley,dpadleyeg@marketwatch.com,Genderfluid,201.170.225.232
522,Gayel,Burchett,gburchetteh@sciencedirect.com,Female,7.210.52.217
523,Niven,Tackley,ntackleyei@hibu.com,Male,140.41.152.4
524,Barnabas,Speeks,bspeeksej@lycos.com,Male,91.190.227.35
525,Talbot,Humpherston,thumpherstonek@gravatar.com,Male,101.103.27.139
526,Matthew,Mawson,mmawsonel@ucoz.com,Polygender,24.238.22.23
527,Dorthea,Proudlove,dproudloveem@dmoz.org,Genderfluid,94.123.204.197
528,Koenraad,Thackeray,kthackerayen@yale.edu,Male,19.149.197.202
529,Ermanno,Plaister,eplaistereo@disqus.com,Male,234.217.168.182
530,Hubert,Kamiyama,hkamiyamaep@cnn.com,Male,109.75.247.23
531,Corena,Machans,cmachanseq@japanpost.jp,Female,135.177.113.106
532,Calli,Boulding,cbouldinger@baidu.com,Female,36.13.11.13
533,Tobias,Hurd,thurdes@instagram.com,Male,246.170.128.93
534,Barbara,Cyseley,bcyseleyet@slashdot.org,Female,80.84.152.188
535,Kimmy,Plews,kplewseu@noaa.gov,Female,55.100.93.64
536,Murdoch,Philippon,mphilipponev@cbslocal.com,Male,111.192.48.131
537,Eolande,Last,elastew@jimdo.com,Female,10.199.149.147
538,Dicky,McGaw,dmcgawex@biglobe.ne.jp,Male,235.71.13.250
539,Curcio,Poytres,cpoytresey@nationalgeographic.com,Male,235.134.136.85
540,Olivero,Brason,obrasonez@wikimedia.org,Male,120.191.219.101
541,Melinda,Haggerston,mhaggerstonf0@comcast.net,Female,10.103.115.147
542,Yvor,Wallbridge,ywallbridgef1@mac.com,Male,42.186.217.223
543,Hertha,Ianittello,hianittellof2@nyu.edu,Female,26.76.63.140
544,Rochell,Horsefield,rhorsefieldf3@freewebs.com,Female,72.240.204.79
545,Vince,McIlmorow,vmcilmorowf4@home.pl,Male,60.244.173.135
546,Burnaby,Tuerena,btuerenaf5@sciencedirect.com,Male,76.173.82.76
547,Rice,Neylan,rneylanf6@biblegateway.com,Genderfluid,101.17.115.247
548,Ira,Courtman,icourtmanf7@vk.com,Male,145.161.194.252
549,Darryl,Twitty,dtwittyf8@blogger.com,Female,204.219.194.197
550,Aretha,Jagson,ajagsonf9@wsj.com,Female,25.37.139.33
551,Hersch,Mullany,hmullanyfa@wp.com,Male,35.141.39.184
552,Moira,Copnar,mcopnarfb@who.int,Female,12.233.39.142
553,Izaak,Wickardt,iwickardtfc@ibm.com,Male,39.245.79.129
554,Dominik,Imlaw,dimlawfd@time.com,Male,154.103.59.74
555,Shepperd,MacDiarmond,smacdiarmondfe@shop-pro.jp,Male,33.249.10.25
556,Garry,Letchford,gletchfordff@ibm.com,Male,103.70.33.205
557,Ilario,Wyleman,iwylemanfg@miitbeian.gov.cn,Male,128.73.21.128
558,Sofia,Presser,spresserfh@soup.io,Female,166.22.13.58
559,Leif,Folke,lfolkefi@uiuc.edu,Male,100.139.244.73
560,Caroline,Pesic,cpesicfj@telegraph.co.uk,Female,163.59.105.125
561,Quint,Eyer,qeyerfk@usda.gov,Male,198.123.96.167
562,Marina,Sauter,msauterfl@paginegialle.it,Female,218.76.89.162
563,Flor,Chataignier,fchataignierfm@ezinearticles.com,Female,205.131.226.70
564,Katherine,Crawcour,kcrawcourfn@illinois.edu,Female,186.249.63.212
565,Griswold,Pettigrew,gpettigrewfo@lulu.com,Male,102.37.174.71
566,Mindy,Woollett,mwoollettfp@hugedomains.com,Female,215.50.28.56
567,Ker,Taleworth,ktaleworthfq@hp.com,Male,59.59.153.9
568,Javier,Folker,jfolkerfr@etsy.com,Male,183.55.190.246
569,Dwain,Brotherick,dbrotherickfs@wufoo.com,Male,231.0.210.192
570,Quill,Ryce,qryceft@hao123.com,Male,250.228.198.201
571,Maybelle,McElane,mmcelanefu@hibu.com,Female,142.48.76.12
572,Hermione,Kaines,hkainesfv@techcrunch.com,Female,155.91.161.26
573,Warren,Dodshon,wdodshonfw@prlog.org,Polygender,204.42.247.141
574,Levon,Timbridge,ltimbridgefx@ucla.edu,Male,176.18.101.28
575,Talbot,Mallinar,tmallinarfy@youku.com,Male,172.84.87.131
576,Giles,Costley,gcostleyfz@chicagotribune.com,Male,236.128.252.91
577,Lyell,Robbert,lrobbertg0@sitemeter.com,Male,58.97.162.26
578,Nesta,Eeles,neelesg1@jiathis.com,Female,71.87.73.169
579,Siusan,Tomes,stomesg2@gmpg.org,Female,139.180.137.119
580,Deeanne,Bonham,dbonhamg3@ow.ly,Female,154.124.215.168
581,Neilla,Flecknell,nflecknellg4@cbc.ca,Female,218.1.205.98
582,Katha,Linnard,klinnardg5@webs.com,Female,205.118.185.73
583,Hinze,Alejandri,halejandrig6@pen.io,Male,80.221.8.225
584,Jodi,Holburn,jholburng7@themeforest.net,Male,42.67.38.28
585,Melisenda,Chinnock,mchinnockg8@hao123.com,Female,229.177.114.152
586,Wendel,Blint,wblintg9@unicef.org,Agender,166.178.134.156
587,Cathi,Troubridge,ctroubridgega@i2i.jp,Female,186.9.243.64
588,Katharine,Sarten,ksartengb@ox.ac.uk,Female,197.82.148.164
589,Aurel,Weiss,aweissgc@japanpost.jp,Female,5.62.57.216
590,Courtnay,Manford,cmanfordgd@tiny.cc,Female,127.96.43.138
591,Suzann,Tapply,stapplyge@nih.gov,Female,225.142.131.177
592,Tabbie,MacWilliam,tmacwilliamgf@yale.edu,Male,75.157.36.101
593,Enoch,Viles,evilesgg@ca.gov,Male,232.213.111.81
594,Jeremias,Leal,jlealgh@hatena.ne.jp,Male,100.105.62.233
595,Emmery,Haythorn,ehaythorngi@hhs.gov,Male,160.15.165.58
596,Dyane,Raspin,draspingj@sohu.com,Female,133.88.157.35
597,Alyce,Vyse,avysegk@buzzfeed.com,Female,119.203.19.134
598,Karlens,Gentreau,kgentreaugl@marketwatch.com,Male,213.94.229.50
599,Zelma,Mongain,zmongaingm@usgs.gov,Female,129.177.151.72
600,Olvan,Whittles,owhittlesgn@statcounter.com,Male,35.122.127.220
601,Piper,Siemon,psiemongo@ning.com,Female,60.116.209.100
602,Cassi,Sappy,csappygp@toplist.cz,Bigender,22.129.239.101
603,Robinetta,Ranns,rrannsgq@ucoz.ru,Female,72.205.235.28
604,Wilie,Yuryshev,wyuryshevgr@stumbleupon.com,Female,249.50.24.20
605,Gennifer,Dwyer,gdwyergs@chronoengine.com,Female,156.29.94.49
606,Christye,Dell Casa,cdellcasagt@nyu.edu,Female,98.154.41.13
607,Evangelia,Rayment,eraymentgu@tmall.com,Female,242.112.137.72
608,Harland,Condon,hcondongv@aboutads.info,Male,160.157.15.47
609,Wanids,Mewburn,wmewburngw@mit.edu,Female,251.44.187.69
610,Alissa,Brookz,abrookzgx@diigo.com,Non-binary,121.129.240.219
611,Foss,Dennett,fdennettgy@furl.net,Genderqueer,158.187.104.232
612,Belia,Sales,bsalesgz@mozilla.org,Female,175.72.29.18
613,Lil,Biaggi,lbiaggih0@dion.ne.jp,Female,37.113.127.121
614,Bobbee,Licas,blicash1@pcworld.com,Female,124.58.77.97
615,Junia,Waind,jwaindh2@pagesperso-orange.fr,Female,159.137.101.49
616,Timmy,Maseyk,tmaseykh3@engadget.com,Female,140.126.125.243
617,Elmira,Pogue,epogueh4@census.gov,Bigender,138.125.61.208
618,Quintin,Farquar,qfarquarh5@state.tx.us,Male,246.71.178.179
619,Elvina,Piper,epiperh6@about.com,Agender,40.140.172.206
620,Michel,Hallewell,mhallewellh7@feedburner.com,Non-binary,3.148.225.187
621,Tucker,Teml,ttemlh8@go.com,Male,209.47.30.11
622,Joseph,Bown,jbownh9@mysql.com,Male,151.114.13.250
623,Crissie,Jewett,cjewettha@fc2.com,Female,127.4.171.16
624,Tamma,Pegden,tpegdenhb@webnode.com,Female,202.145.140.232
625,Bella,Audley,baudleyhc@macromedia.com,Female,164.36.98.209
626,Gery,Alesio,galesiohd@baidu.com,Male,237.56.110.200
627,Delila,Weatherburn,dweatherburnhe@squarespace.com,Agender,158.220.247.180
628,Ingelbert,Fewtrell,ifewtrellhf@google.ca,Male,51.150.158.200
629,Kain,Taye,ktayehg@ask.com,Male,27.134.150.25
630,Caspar,McKeney,cmckeneyhh@mysql.com,Male,239.3.49.94
631,Lelia,Beere,lbeerehi@typepad.com,Female,113.204.117.103
632,Zsazsa,Bramo,zbramohj@histats.com,Female,27.103.78.157
633,Tony,Curro,tcurrohk@sbwire.com,Male,225.38.206.9
634,Cristiano,Kett,cketthl@archive.org,Male,49.142.58.36
635,Ralf,Keys,rkeyshm@blogspot.com,Male,226.246.171.193
636,Hermann,Mereweather,hmereweatherhn@hatena.ne.jp,Male,29.178.125.124
637,Juliane,Brierly,jbrierlyho@icq.com,Female,168.92.116.117
638,Germain,Blything,gblythinghp@sun.com,Male,34.210.250.217
639,Whitaker,Bromell,wbromellhq@alexa.com,Male,72.156.65.13
640,Katlin,Stoffels,kstoffelshr@blogs.com,Female,169.143.187.21
641,Pip,De Cruze,pdecruzehs@delicious.com,Male,92.248.233.11
642,Josepha,Naldrett,jnaldrettht@fda.gov,Female,139.201.108.73
643,Janene,Wignall,jwignallhu@intel.com,Female,46.93.222.232
644,Ines,Hearons,ihearonshv@reference.com,Agender,249.213.175.218
645,Merell,Meriot,mmeriothw@eventbrite.com,Male,111.152.135.26
646,Dill,Radborn,dradbornhx@discuz.net,Male,139.240.125.173
647,Lou,Oldis,loldishy@photobucket.com,Female,208.49.236.74
648,Shayna,Gravy,sgravyhz@hugedomains.com,Agender,54.192.108.88
649,Karney,Dadson,kdadsoni0@gov.uk,Male,62.227.82.158
650,Brynna,Pedlar,bpedlari1@wikipedia.org,Female,158.236.58.125
651,Ephrayim,Lorentz,elorentzi2@dell.com,Male,158.56.20.124
652,Audi,Hartley,ahartleyi3@guardian.co.uk,Female,62.97.178.43
653,Smith,Danford,sdanfordi4@rakuten.co.jp,Male,220.220.41.192
654,Lelia,Upson,lupsoni5@nsw.gov.au,Genderqueer,76.176.132.232
655,Lucila,Steinor,lsteinori6@engadget.com,Female,2.27.76.148
656,Lusa,Sille,lsillei7@indiatimes.com,Female,241.93.116.30
657,Antonio,Glasscoo,aglasscooi8@google.com.br,Male,176.34.32.107
658,Clement,Shedden,csheddeni9@bbb.org,Male,64.136.150.188
659,Chandra,Maruszewski,cmaruszewskiia@symantec.com,Female,12.82.75.233
660,Shermy,Bonellie,sbonellieib@uiuc.edu,Male,126.151.140.135
661,Isacco,Hesbrook,ihesbrookic@hugedomains.com,Male,3.190.25.128
662,Dorice,Spurret,dspurretid@europa.eu,Female,223.232.193.224
663,Willey,Gittings,wgittingsie@instagram.com,Male,168.176.212.35
664,Scotti,Odo,sodoif@gov.uk,Male,67.166.237.251
665,Zedekiah,Loeber,zloeberig@hhs.gov,Male,123.118.106.224
666,Robin,Petto,rpettoih@sogou.com,Male,194.121.180.140
667,Nappy,Brood,nbroodii@clickbank.net,Male,109.38.20.22
668,Yvonne,Cumpton,ycumptonij@homestead.com,Female,151.131.102.105
669,Julius,Gadesby,jgadesbyik@ihg.com,Male,41.192.134.203
670,Bevan,Rowthorne,browthorneil@toplist.cz,Male,52.51.185.31
671,Mirella,Binks,mbinksim@nydailynews.com,Female,207.60.50.40
672,Gard,Goulstone,ggoulstonein@guardian.co.uk,Male,110.156.103.41
673,Bree,Catcherside,bcatchersideio@uol.com.br,Female,76.1.141.143
674,Kelcy,Syratt,ksyrattip@ftc.gov,Female,198.56.104.39
675,Josias,Zienkiewicz,jzienkiewicziq@fda.gov,Non-binary,87.82.125.142
676,Craggy,Pritty,cprittyir@hexun.com,Male,30.228.34.131
677,Cordy,Jakeman,cjakemanis@epa.gov,Male,147.219.114.170
678,Vern,Kermon,vkermonit@ucoz.com,Genderfluid,182.82.59.79
679,Angy,Raubenheim,araubenheimiu@photobucket.com,Non-binary,6.24.137.88
680,Aaron,Cray,acrayiv@psu.edu,Male,55.60.136.14
681,Gustave,Bennell,gbennelliw@ft.com,Male,241.121.146.83
682,Andi,Manis,amanisix@youtube.com,Female,177.59.144.48
683,Whitaker,Goodlatt,wgoodlattiy@mapquest.com,Male,126.251.206.219
684,Codie,Robertis,crobertisiz@acquirethisname.com,Female,224.58.126.44
685,Silvie,Fripp,sfrippj0@hugedomains.com,Female,49.31.108.254
686,Clair,Blackbourn,cblackbournj1@icq.com,Male,244.223.179.223
687,Carce,Baiss,cbaissj2@cnbc.com,Male,18.80.208.31
688,Lorianne,Kroger,lkrogerj3@gmpg.org,Female,246.148.31.32
689,Cori,Hubane,chubanej4@youku.com,Female,252.155.232.245
690,Upton,Arzu,uarzuj5@google.cn,Male,244.1.117.7
691,Ephraim,Heskins,eheskinsj6@va.gov,Male,206.192.239.137
692,Koressa,Redbourn,kredbournj7@vimeo.com,Female,111.214.211.113
693,Bridget,L'Episcopio,blepiscopioj8@boston.com,Female,116.223.99.247
694,Susan,Crowch,scrowchj9@pen.io,Female,28.2.116.95
695,Barbey,Giddings,bgiddingsja@artisteer.com,Female,201.54.59.114
696,Netta,Margaret,nmargaretjb@sciencedaily.com,Female,157.26.178.188
697,Travers,Chater,tchaterjc@hibu.com,Male,55.118.196.22
698,Chrisse,Sarrell,csarrelljd@fema.gov,Male,220.213.179.90
699,Dalia,Greetham,dgreethamje@amazon.de,Female,105.247.160.232
700,Marcela,Seres,mseresjf@wikipedia.org,Female,187.164.74.251
701,Teena,Gutans,tgutansjg@microsoft.com,Female,56.83.71.185
702,Patience,Yosifov,pyosifovjh@washingtonpost.com,Female,85.3.33.222
703,Kev,Philcox,kphilcoxji@i2i.jp,Male,146.201.105.252
704,Desmond,Cavnor,dcavnorjj@fotki.com,Male,196.33.163.170
705,Brice,Ould,bouldjk@eepurl.com,Male,59.44.124.141
706,Isaac,Britee,ibriteejl@mashable.com,Polygender,185.101.68.76
707,Matteo,Begley,mbegleyjm@wikipedia.org,Male,174.52.129.106
708,Brendon,MacGaughy,bmacgaughyjn@washington.edu,Male,187.79.192.129
709,Latrina,Echelle,lechellejo@tmall.com,Genderfluid,71.74.67.182
710,Morganne,Vernalls,mvernallsjp@prnewswire.com,Female,23.43.149.1
711,Serena,McAleese,smcaleesejq@slate.com,Female,74.162.134.9
712,Amberly,Coke,acokejr@exblog.jp,Female,82.36.23.147
713,Had,Thurborn,hthurbornjs@deliciousdays.com,Male,187.34.40.229
714,Tiebold,McGinly,tmcginlyjt@usatoday.com,Male,41.212.136.45
715,Jacobo,Wathan,jwathanju@privacy.gov.au,Male,112.120.218.124
716,Blayne,Medeway,bmedewayjv@buzzfeed.com,Male,235.79.195.26
717,Kassandra,Laurencot,klaurencotjw@typepad.com,Female,102.158.140.133
718,Cathleen,Friedenbach,cfriedenbachjx@phoca.cz,Female,220.170.180.239
719,Moe,Pawelczyk,mpawelczykjy@friendfeed.com,Male,23.129.224.64
720,Leandra,Keegan,lkeeganjz@wisc.edu,Female,101.117.204.187
721,Sella,Higbin,shigbink0@ox.ac.uk,Female,138.61.92.129
722,Ancell,Greenleaf,agreenleafk1@multiply.com,Male,16.13.94.68
723,Tova,Hollyland,thollylandk2@icq.com,Female,144.214.119.61
724,Angel,Meenan,ameenank3@webnode.com,Male,128.190.34.41
725,Blair,MacVaugh,bmacvaughk4@redcross.org,Female,140.221.140.119
726,Waldo,Coverlyn,wcoverlynk5@princeton.edu,Male,42.66.83.171
727,Raymund,Delgadillo,rdelgadillok6@addtoany.com,Male,41.44.109.75
728,Etta,Chidgey,echidgeyk7@google.com.br,Female,114.76.156.77
729,Goldie,Staten,gstatenk8@tmall.com,Female,54.130.85.2
730,Carissa,Kevis,ckevisk9@webeden.co.uk,Female,182.89.217.202
731,Sky,Dongles,sdongleska@businessinsider.com,Non-binary,86.231.112.29
732,Kalvin,Bridgwater,kbridgwaterkb@house.gov,Male,47.244.188.166
733,Beau,McKernan,bmckernankc@state.tx.us,Male,233.75.169.3
734,Kris,Pavlata,kpavlatakd@edublogs.org,Male,159.251.78.104
735,Josephina,Leel,jleelke@google.com,Polygender,252.137.15.235
736,Petrina,MacKeague,pmackeaguekf@businessweek.com,Female,172.120.240.9
737,Patrizia,Noone,pnoonekg@histats.com,Female,171.51.66.104
738,Noemi,Cestard,ncestardkh@sourceforge.net,Female,54.1.221.23
739,Giordano,Krystek,gkrystekki@de.vu,Male,106.252.228.250
740,Leoine,Gethen,lgethenkj@cmu.edu,Female,178.84.248.211
741,Judye,Dewhirst,jdewhirstkk@ihg.com,Female,3.250.227.235
742,Sutherland,Jorgesen,sjorgesenkl@umich.edu,Male,162.240.75.162
743,Saundra,Cluckie,scluckiekm@instagram.com,Male,153.66.32.58
744,Adlai,Wenban,awenbankn@hc360.com,Agender,182.223.241.161
745,Sasha,Kermott,skermottko@jimdo.com,Male,112.102.71.33
746,Revkah,Mucillo,rmucillokp@gnu.org,Non-binary,199.50.78.15
747,Sharron,Flintuff,sflintuffkq@trellian.com,Female,34.30.186.68
748,Coral,Ludvigsen,cludvigsenkr@ifeng.com,Female,161.11.250.25
749,Kiri,Wellen,kwellenks@ask.com,Female,76.165.232.229
750,Shela,Baskwell,sbaskwellkt@comcast.net,Female,116.164.139.133
751,Lissi,Aldhouse,laldhouseku@yellowbook.com,Female,193.169.32.248
752,Trev,Rosas,trosaskv@posterous.com,Male,177.64.146.219
753,Antoni,Saywood,asaywoodkw@goodreads.com,Male,18.152.26.216
754,Jenilee,Corradino,jcorradinokx@gravatar.com,Female,2.139.124.131
755,Karon,Seviour,kseviourky@unesco.org,Female,23.14.221.221
756,Blakeley,Cowland,bcowlandkz@loc.gov,Non-binary,148.40.181.46
757,Maurita,Matyushkin,mmatyushkinl0@bbc.co.uk,Female,91.228.91.167
758,Birk,Kidner,bkidnerl1@flavors.me,Male,82.94.141.60
759,Evered,Gorger,egorgerl2@github.com,Male,45.39.220.23
760,Prescott,Heaslip,pheaslipl3@google.com.au,Male,97.12.89.232
761,Corabelle,Chipping,cchippingl4@yale.edu,Non-binary,180.27.195.170
762,Ronda,Peaple,rpeaplel5@buzzfeed.com,Female,220.164.37.59
763,Quillan,Jurn,qjurnl6@baidu.com,Male,109.170.40.160
764,Sara,Barsam,sbarsaml7@loc.gov,Female,155.157.132.191
765,Sally,Whinray,swhinrayl8@google.fr,Female,203.181.132.23
766,Kendrick,Ferrarin,kferrarinl9@go.com,Male,82.216.177.66
767,Ashla,Meakin,ameakinla@jalbum.net,Female,205.207.92.71
768,Onida,Lapham,olaphamlb@t.co,Female,211.200.179.136
769,Alonzo,Peplay,apeplaylc@free.fr,Male,68.161.136.56
770,Ford,Prangley,fprangleyld@hhs.gov,Male,242.221.139.176
771,Jennette,Alfonsini,jalfonsinile@va.gov,Female,19.240.80.34
772,Phyllys,Letford,pletfordlf@wordpress.org,Female,237.230.94.234
773,Lisha,Studdert,lstuddertlg@vimeo.com,Female,170.132.213.181
774,Athena,Whenman,awhenmanlh@arstechnica.com,Female,202.33.180.82
775,Danell,Djurdjevic,ddjurdjevicli@sbwire.com,Female,89.226.72.247
776,Jada,Motton,jmottonlj@dailymail.co.uk,Female,228.170.71.108
777,Marney,Colrein,mcolreinlk@flickr.com,Female,197.121.62.60
778,Rees,Haack,rhaackll@eepurl.com,Male,167.9.97.97
779,Fergus,Woodburne,fwoodburnelm@salon.com,Male,159.61.71.98
780,Lothario,Ewen,lewenln@bbc.co.uk,Male,71.190.122.33
781,Tully,Wragge,twraggelo@bloglines.com,Male,232.184.8.89
782,Shepherd,Bassilashvili,sbassilashvililp@youtu.be,Male,148.198.2.41
783,Prent,Fere,pferelq@fotki.com,Male,246.178.196.135
784,Cornie,Ropars,croparslr@fc2.com,Male,184.79.206.172
785,Klarika,Reagan,kreaganls@parallels.com,Female,79.89.80.123
786,Hadley,MacConchie,hmacconchielt@360.cn,Male,179.181.152.47
787,Sibby,Raddan,sraddanlu@tmall.com,Female,74.75.180.212
788,Randy,Dullingham,rdullinghamlv@cnn.com,Male,91.189.205.157
789,Talyah,Hutable,thutablelw@nasa.gov,Female,115.151.239.177
790,Hymie,Shoubridge,hshoubridgelx@scribd.com,Male,26.208.60.30
791,Nicolette,Crame,ncramely@foxnews.com,Female,98.85.47.60
792,Timotheus,Farlane,tfarlanelz@cdbaby.com,Male,106.49.133.49
793,Vince,Birkinshaw,vbirkinshawm0@goodreads.com,Male,196.220.146.144
794,Lonnie,Songest,lsongestm1@gov.uk,Female,101.155.145.57
795,Blanch,Tacey,btaceym2@about.me,Female,194.32.217.33
796,Leon,Euels,leuelsm3@w3.org,Male,181.14.115.173
797,Myrtie,Tomasutti,mtomasuttim4@arizona.edu,Genderqueer,152.177.28.83
798,Devinne,Biggen,dbiggenm5@google.com.hk,Female,231.107.224.240
799,Westleigh,Punter,wpunterm6@slideshare.net,Male,81.29.19.217
800,Lavina,Reddings,lreddingsm7@ning.com,Female,207.96.148.246
801,Meriel,Woodruffe,mwoodruffem8@acquirethisname.com,Female,189.98.200.236
802,Inesita,Charpling,icharplingm9@bizjournals.com,Female,89.18.182.152
803,Kattie,Kinforth,kkinforthma@dedecms.com,Female,144.220.198.172
804,Yardley,Braysher,ybrayshermb@webeden.co.uk,Male,107.73.225.141
805,Samuele,McKeaney,smckeaneymc@macromedia.com,Male,24.217.162.195
806,Erin,Klimentov,eklimentovmd@bloomberg.com,Male,115.170.200.209
807,Egon,Le Cornu,elecornume@harvard.edu,Male,196.203.145.8
808,Therese,Blown,tblownmf@seattletimes.com,Female,72.104.18.237
809,Fernande,Haynes,fhaynesmg@rambler.ru,Female,230.124.22.144
810,Lewie,Garric,lgarricmh@tinypic.com,Male,33.114.181.183
811,Ewen,Philipart,ephilipartmi@statcounter.com,Male,43.172.18.44
812,Haywood,Cartmill,hcartmillmj@php.net,Male,67.18.21.195
813,Georgi,Chesters,gchestersmk@a8.net,Male,141.32.205.185
814,Charmion,Collelton,ccolleltonml@prlog.org,Female,85.95.213.32
815,Zacharia,Cran,zcranmm@nydailynews.com,Male,79.188.73.185
816,Kyrstin,Medd,kmeddmn@independent.co.uk,Female,115.146.254.86
817,Percy,Brunstan,pbrunstanmo@yellowbook.com,Male,232.253.241.171
818,Binnie,Uc,bucmp@exblog.jp,Female,208.60.61.105
819,Kassandra,Altham,kalthammq@instagram.com,Female,45.83.119.44
820,Innis,Realph,irealphmr@vimeo.com,Male,149.137.198.52
821,Orbadiah,Muldowney,omuldowneyms@mapy.cz,Male,186.162.157.14
822,Catarina,Cresswell,ccresswellmt@theglobeandmail.com,Female,29.126.240.158
823,Dallis,Hentze,dhentzemu@live.com,Male,69.106.244.50
824,Dionne,Leneham,dlenehammv@merriam-webster.com,Female,207.93.128.188
825,Florette,Walcher,fwalchermw@home.pl,Female,170.84.178.191
826,Ian,Wilkes,iwilkesmx@blog.com,Male,220.151.13.191
827,Nolie,Broose,nbroosemy@cafepress.com,Female,77.70.126.225
828,Elnar,Gertz,egertzmz@nytimes.com,Male,122.213.244.80
829,Lia,MacLeod,lmacleodn0@un.org,Female,109.234.242.229
830,Golda,Skym,gskymn1@census.gov,Female,166.207.26.158
831,Ermengarde,Trehearn,etrehearnn2@economist.com,Polygender,196.214.69.24
832,Jonis,Legges,jleggesn3@house.gov,Genderqueer,128.68.231.90
833,Nicoline,Trevers,ntreversn4@cpanel.net,Polygender,203.182.190.3
834,Brittani,Peaple,bpeaplen5@tuttocitta.it,Female,106.233.203.82
835,Richmound,Deegin,rdeeginn6@jugem.jp,Male,3.161.87.86
836,Dixie,O'Longain,dolongainn7@ask.com,Female,29.74.116.143
837,Isacco,Peto,ipeton8@ow.ly,Male,135.124.7.24
838,Reeba,Bramford,rbramfordn9@marketwatch.com,Agender,133.106.232.115
839,Nicko,Asee,naseena@delicious.com,Male,18.143.178.247
840,Smitty,Handslip,shandslipnb@foxnews.com,Male,153.36.214.205
841,Maure,Ayscough,mayscoughnc@bandcamp.com,Female,243.134.226.144
842,Bartlet,Buttrick,bbuttricknd@amazon.de,Male,139.227.14.66
843,Jeddy,Sibylla,jsibyllane@wsj.com,Male,116.38.121.147
844,Candi,Delong,cdelongnf@usa.gov,Genderfluid,236.232.20.100
845,Lottie,Garner,lgarnerng@free.fr,Female,128.36.129.235
846,Selene,Culkin,sculkinnh@gnu.org,Polygender,195.0.151.250
847,Ignatius,Paviour,ipaviourni@zimbio.com,Male,135.243.128.70
848,Aimil,Doni,adoninj@dyndns.org,Female,80.237.35.2
849,Jasper,Greschke,jgreschkenk@a8.net,Male,73.74.19.34
850,Sella,Flemyng,sflemyngnl@rambler.ru,Female,190.163.114.141
851,Ogdan,Saltman,osaltmannm@ustream.tv,Male,190.166.224.100
852,Danette,McTeggart,dmcteggartnn@blogtalkradio.com,Female,14.148.189.56
853,Carmelia,Edlin,cedlinno@myspace.com,Female,168.103.76.34
854,Rica,Lambillion,rlambillionnp@joomla.org,Female,43.235.36.149
855,Paule,Rofe,profenq@stumbleupon.com,Female,84.184.134.52
856,Sterling,McCroft,smccroftnr@ezinearticles.com,Male,81.65.179.30
857,Madelyn,Corradetti,mcorradettins@alexa.com,Female,206.44.164.84
858,Alister,Vinau,avinaunt@nyu.edu,Male,156.91.90.203
859,Celesta,Martina,cmartinanu@list-manage.com,Female,242.187.49.238
860,Cecilio,Stangroom,cstangroomnv@mayoclinic.com,Male,198.98.248.36
861,Burk,Vodden,bvoddennw@alexa.com,Agender,94.120.213.132
862,Neron,Berryman,nberrymannx@ebay.co.uk,Male,203.100.32.31
863,Tailor,Bau,tbauny@gnu.org,Male,37.91.106.23
864,Weston,Owttrim,wowttrimnz@wikia.com,Male,111.54.125.92
865,Brit,Uccelli,buccellio0@360.cn,Female,104.37.217.177
866,Merl,MacKimmie,mmackimmieo1@dropbox.com,Female,44.171.193.119
867,Bailie,Cornil,bcornilo2@storify.com,Male,158.149.199.126
868,Hercules,Lorne,hlorneo3@bbc.co.uk,Male,20.150.149.194
869,Titus,Pallatina,tpallatinao4@chron.com,Male,10.204.165.44
870,Carola,Tyre,ctyreo5@blogs.com,Female,74.47.35.166
871,Ripley,Renzullo,rrenzulloo6@fc2.com,Male,227.192.53.111
872,Codi,Sparey,cspareyo7@mail.ru,Male,86.164.227.168
873,Ninon,Bubeer,nbubeero8@themeforest.net,Genderqueer,191.149.16.160
874,Jere,Wasmer,jwasmero9@elegantthemes.com,Female,202.120.3.22
875,Shawnee,Embleton,sembletonoa@shutterfly.com,Female,75.181.113.29
876,Annette,Espada,aespadaob@a8.net,Female,50.95.142.56
877,Marietta,McEneny,mmcenenyoc@scientificamerican.com,Female,102.228.115.146
878,Kori,Dresser,kdresserod@feedburner.com,Female,99.101.78.86
879,Loy,Lawn,llawnoe@goodreads.com,Bigender,179.226.228.241
880,Kerby,Cristol,kcristolof@twitter.com,Male,208.142.65.219
881,Orel,Beeby,obeebyog@myspace.com,Female,52.54.151.84
882,Rivy,Greenless,rgreenlessoh@cisco.com,Female,142.52.126.62
883,Faith,Ielden,fieldenoi@ftc.gov,Female,211.160.38.209
884,Natalie,Dimont,ndimontoj@a8.net,Female,192.154.242.54
885,Rosmunda,Weeke,rweekeok@printfriendly.com,Female,141.223.19.194
886,Aleece,Bourcq,abourcqol@flickr.com,Female,151.122.25.228
887,Nolly,MacCracken,nmaccrackenom@slate.com,Male,212.50.169.134
888,Johny,Oattes,joatteson@opensource.org,Male,131.40.9.115
889,Klara,Greste,kgresteoo@tamu.edu,Female,164.77.110.2
890,Elmore,Allport,eallportop@blogtalkradio.com,Male,79.245.250.109
891,Nigel,Collopy,ncollopyoq@rediff.com,Male,209.155.167.220
892,Laraine,Littledyke,llittledykeor@live.com,Female,242.86.3.191
893,Manfred,Newband,mnewbandos@tamu.edu,Male,77.172.167.147
894,Nero,Kaysor,nkaysorot@buzzfeed.com,Male,63.185.246.234
895,Daffie,Kevlin,dkevlinou@wp.com,Female,23.9.108.77
896,Vivi,Filipczak,vfilipczakov@unesco.org,Female,146.80.185.65
897,Dallon,Clemits,dclemitsow@ustream.tv,Male,113.144.39.162
898,Mohandis,Melato,mmelatoox@about.com,Male,239.144.161.82
899,Merilyn,Glew,mglewoy@chronoengine.com,Female,17.38.0.178
900,Lenci,Farrier,lfarrieroz@home.pl,Male,113.87.236.21
901,Fleur,Abrahmovici,fabrahmovicip0@tripod.com,Genderqueer,119.36.109.148
902,Reade,Fleet,rfleetp1@artisteer.com,Male,1.219.166.25
903,Nananne,Goalby,ngoalbyp2@nature.com,Female,42.197.239.189
904,Aaron,Veltmann,aveltmannp3@mapquest.com,Male,99.6.202.80
905,Grant,Greenstreet,ggreenstreetp4@artisteer.com,Male,233.160.146.181
906,Jakie,Date,jdatep5@pbs.org,Male,94.123.74.68
907,Abbe,Verry,averryp6@weather.com,Male,24.171.157.113
908,Burlie,Houseago,bhouseagop7@mtv.com,Polygender,239.98.25.198
909,Lulu,Vuitton,lvuittonp8@ft.com,Female,221.69.137.138
910,Eal,Sent,esentp9@creativecommons.org,Male,39.84.183.37
911,Berti,Heers,bheerspa@yale.edu,Male,166.97.13.112
912,Cletis,Blondell,cblondellpb@intel.com,Male,43.128.215.66
913,Goran,Barsby,gbarsbypc@netscape.com,Male,177.75.205.110
914,Tobias,Gutteridge,tgutteridgepd@jigsy.com,Male,105.202.69.230
915,Ellene,Brantl,ebrantlpe@eepurl.com,Female,24.106.84.129
916,Marwin,Tippings,mtippingspf@studiopress.com,Male,175.107.57.37
917,Roberta,Soaper,rsoaperpg@springer.com,Female,164.59.105.22
918,Kim,Aldwick,kaldwickph@hostgator.com,Male,195.49.133.218
919,Garek,Skedge,gskedgepi@123-reg.co.uk,Male,207.84.183.236
920,Rachele,Spincks,rspinckspj@kickstarter.com,Female,47.252.207.182
921,Lloyd,La Torre,llatorrepk@diigo.com,Male,64.54.13.129
922,Starla,Mollnar,smollnarpl@ucla.edu,Female,117.156.156.179
923,Robby,Sandels,rsandelspm@hhs.gov,Non-binary,219.8.173.40
924,Barnie,Goodenough,bgoodenoughpn@wufoo.com,Male,201.144.232.225
925,Romona,Petry,rpetrypo@livejournal.com,Female,188.15.84.227
926,Davy,Seage,dseagepp@bandcamp.com,Male,191.242.240.246
927,Nona,Draper,ndraperpq@hostgator.com,Female,134.125.73.232
928,Gar,Albany,galbanypr@simplemachines.org,Male,233.76.1.239
929,Goober,Bisset,gbissetps@time.com,Male,228.184.247.1
930,Noby,Millom,nmillompt@myspace.com,Male,91.109.252.178
931,Minetta,Wickwarth,mwickwarthpu@odnoklassniki.ru,Female,8.71.58.80
932,Billi,Fairhurst,bfairhurstpv@samsung.com,Female,248.33.219.30
933,Urbanus,Signori,usignoripw@hibu.com,Polygender,215.239.14.73
934,Greer,Strete,gstretepx@creativecommons.org,Female,244.7.174.36
935,Oliver,Matusiak,omatusiakpy@weather.com,Male,68.195.238.158
936,Jillane,Shilvock,jshilvockpz@tripod.com,Female,129.94.130.100
937,Marcelo,Chastel,mchastelq0@opera.com,Male,54.76.63.61
938,Patti,Sutherns,psuthernsq1@ca.gov,Female,239.167.46.26
939,Tanitansy,Jerok,tjerokq2@fema.gov,Female,54.184.220.13
940,Alysia,Maddinon,amaddinonq3@yellowpages.com,Female,211.142.70.249
941,Mercie,Tyres,mtyresq4@storify.com,Female,181.100.91.130
942,Tabbatha,Harriott,tharriottq5@psu.edu,Polygender,131.142.76.167
943,Deb,Hounsham,dhounshamq6@ebay.co.uk,Bigender,24.54.148.239
944,Neysa,Gerrit,ngerritq7@irs.gov,Female,205.10.136.139
945,Gay,Hugues,ghuguesq8@hud.gov,Male,22.219.126.143
946,Rickard,Obern,robernq9@newyorker.com,Male,145.105.80.18
947,Maurine,Blankhorn,mblankhornqa@scientificamerican.com,Female,174.102.89.189
948,Basile,Burnhill,bburnhillqb@tripod.com,Genderqueer,118.67.210.118
949,Idette,Warrack,iwarrackqc@geocities.com,Female,106.243.54.149
950,Em,Aspole,easpoleqd@mapquest.com,Female,155.215.150.154
951,Gilbertina,Camerana,gcameranaqe@wired.com,Female,17.149.36.113
952,Ara,Corter,acorterqf@java.com,Female,89.25.251.201
953,Nadeen,Hedau,nhedauqg@ibm.com,Female,190.65.184.191
954,Geri,Prettjohn,gprettjohnqh@wisc.edu,Female,39.32.202.143
955,Jeannette,Cawthorne,jcawthorneqi@utexas.edu,Female,139.161.105.54
956,Tricia,de Zamora,tdezamoraqj@xinhuanet.com,Female,16.147.6.188
957,Genny,Holtaway,gholtawayqk@hud.gov,Female,114.112.134.229
958,Othello,Hanaford,ohanafordql@goo.gl,Male,40.85.99.7
959,Starla,Sandes,ssandesqm@alibaba.com,Female,245.176.79.138
960,Costa,Dainter,cdainterqn@1und1.de,Male,164.44.147.113
961,Reed,Harburtson,rharburtsonqo@ucoz.ru,Male,174.81.154.83
962,Cherise,Beverstock,cbeverstockqp@latimes.com,Female,235.128.80.188
963,Harris,Corton,hcortonqq@dmoz.org,Male,255.80.94.245
964,Felicle,Lukash,flukashqr@mac.com,Female,172.64.56.192
965,Baxy,Gremane,bgremaneqs@bluehost.com,Male,14.55.61.173
966,Creighton,Nozzolii,cnozzoliiqt@sogou.com,Male,134.239.54.209
967,Crista,Falvey,cfalveyqu@hatena.ne.jp,Female,26.76.6.42
968,Cecelia,Cuerdall,ccuerdallqv@house.gov,Female,189.100.82.74
969,Kati,Luxon,kluxonqw@amazon.de,Genderfluid,118.228.252.131
970,Patton,Parkyns,pparkynsqx@deliciousdays.com,Male,192.67.187.161
971,Mitch,Kennewell,mkennewellqy@theguardian.com,Male,152.212.243.4
972,Augie,Brydell,abrydellqz@foxnews.com,Male,165.62.99.9
973,Clair,Anten,cantenr0@people.com.cn,Male,247.40.49.6
974,Xena,Kacheller,xkachellerr1@hibu.com,Female,39.56.6.18
975,Opal,Rofe,orofer2@epa.gov,Female,208.38.72.166
976,Christye,Stolze,cstolzer3@nih.gov,Bigender,119.247.227.34
977,Rivkah,Kerfod,rkerfodr4@bloomberg.com,Genderqueer,151.209.224.159
978,Lauri,Clarae,lclaraer5@ebay.com,Female,42.168.83.42
979,Ricca,Rummer,rrummerr6@nature.com,Female,179.189.8.33
980,Devinne,Stirrup,dstirrupr7@quantcast.com,Female,238.219.71.241
981,Seumas,Porson,sporsonr8@berkeley.edu,Male,167.4.102.169
982,Ede,Westney,ewestneyr9@ox.ac.uk,Female,240.3.9.117
983,Maribeth,Gummery,mgummeryra@disqus.com,Female,104.243.123.56
984,Oralee,Danby,odanbyrb@weebly.com,Female,242.217.121.230
985,Pearla,Caffrey,pcaffreyrc@vistaprint.com,Female,31.222.188.129
986,Sandor,Koenen,skoenenrd@msn.com,Male,12.102.159.70
987,Cordie,Austins,caustinsre@ycombinator.com,Female,169.207.0.17
988,Maggy,Vernalls,mvernallsrf@is.gd,Female,89.144.16.189
989,Elaine,Winnett,ewinnettrg@csmonitor.com,Female,163.34.59.88
990,Tobiah,Cucuzza,tcucuzzarh@berkeley.edu,Male,8.129.75.38
991,Ber,Jirzik,bjirzikri@marketwatch.com,Male,108.184.29.250
992,Randy,Brasner,rbrasnerrj@artisteer.com,Female,117.108.189.83
993,Hoebart,Thibodeaux,hthibodeauxrk@mlb.com,Male,240.203.50.232
994,Rafe,Le Port,rleportrl@microsoft.com,Male,142.36.7.170
995,Chad,Souch,csouchrm@independent.co.uk,Female,31.23.148.242
996,John,Hedge,jhedgern@com.com,Male,128.97.252.46
997,Arliene,Bratley,abratleyro@is.gd,Female,245.25.173.237
998,Nina,Hincks,nhincksrp@nymag.com,Female,9.155.206.113
999,Silvana,Arrandale,sarrandalerq@epa.gov,Female,103.166.58.98
1000,Geoff,Murfill,gmurfillrr@nature.com,Male,180.40.68.151
